Workbook

Sheet Summary Dashboard
A1: Order Fulfillment — Executive Summary
A3: Total Orders | B3: Accurate Orders | C3: Accuracy Rate | D3: Total Subs | E3: Sub Rate
A4: ='Weekly Order Log'!B13 -> 1044 | B4: ='Weekly Order Log'!C13 -> 1024 | C4: ='Weekly Order Log'!D13 -> 0.98084291 | D4: ='Weekly Order Log'!E13 -> 47 | E4: ='Weekly Order Log'!F13 -> 0.045019157
A7: Top Substitution Categories
A8: Rank | B8: Category | C8: Total Subs | D8: % of Subs | E8: Primary Root Cause
A9: 1 | B9: Produce | C9: ='Substitution Analysis'!B3 -> 16 | D9: ='Substitution Analysis'!C3 -> 0.34042553 | E9: Seasonal stock gaps
A10: 2 | B10: Deli / Prepared | C10: ='Substitution Analysis'!B4 -> 10 | D10: ='Substitution Analysis'!C4 -> 0.21276596 | E10: High turnover
A11: 3 | B11: Dairy | C11: ='Substitution Analysis'!B5 -> 8 | D11: ='Substitution Analysis'!C5 -> 0.17021277 | E11: Brand-specific OOS
A13: Key Takeaway: 98.0% accuracy across 1,044 orders. Produce & Deli substitutions account for 55% of all subs — targeted restocking coordination is the highest-leverage process improvement.

Sheet Weekly Order Log
A1: Whole Foods Order Fulfillment Tracker | Summer 2024
A2: Week | B2: Orders Completed | C2: Accurate Orders | D2: Accuracy Rate | E2: Substitutions Made | F2: Sub Rate | G2: Departments Coordinated | H2: Notes
A3: Week 1 | B3: 102 | C3: 100 | D3: =C3/B3 -> 0.98039216 | E3: 4 | F3: =E3/B3 -> 0.039215686 | G3: 4 | H3: Strong start
A4: Week 2 | B4: 98 | C4: 96 | D4: =C4/B4 -> 0.97959184 | E4: 6 | F4: =E4/B4 -> 0.06122449 | G4: 4 | H4: Produce subs high
A5: Week 3 | B5: 110 | C5: 108 | D5: =C5/B5 -> 0.98181818 | E5: 5 | F5: =E5/B5 -> 0.045454545 | G5: 4 | H5: Best volume week
A6: Week 4 | B6: 95 | C6: 93 | D6: =C6/B6 -> 0.97894737 | E6: 7 | F6: =E6/B6 -> 0.073684211 | G6: 3 | H6: Short-staffed Fri
A7: Week 5 | B7: 105 | C7: 103 | D7: =C7/B7 -> 0.98095238 | E7: 4 | F7: =E7/B7 -> 0.038095238 | G7: 4
A8: Week 6 | B8: 112 | C8: 110 | D8: =C8/B8 -> 0.98214286 | E8: 3 | F8: =E8/B8 -> 0.026785714 | G8: 4 | H8: Lowest sub rate
A9: Week 7 | B9: 100 | C9: 98 | D9: =C9/B9 -> 0.98 | E9: 5 | F9: =E9/B9 -> 0.05 | G9: 4
A10: Week 8 | B10: 108 | C10: 106 | D10: =C10/B10 -> 0.98148148 | E10: 6 | F10: =E10/B10 -> 0.055555556 | G10: 4 | H10: Weekend rush
A11: Week 9 | B11: 99 | C11: 97 | D11: =C11/B11 -> 0.97979798 | E11: 4 | F11: =E11/B11 -> 0.04040404 | G11: 3
A12: Week 10 | B12: 115 | C12: 113 | D12: =C12/B12 -> 0.9826087 | E12: 3 | F12: =E12/B12 -> 0.026086957 | G12: 4 | H12: Last week — peak
A13: TOTALS / AVG | B13: =SUM(B3:B12) -> 1044 | C13: =SUM(C3:C12) -> 1024 | D13: =C13/B13 -> 0.98084291 | E13: =SUM(E3:E12) -> 47 | F13: =E13/B13 -> 0.045019157 | G13: =AVERAGE(G3:G12) -> 3.8

Sheet Substitution Analysis
A1: Substitution Frequency by Product Category
A2: Category | B2: Total Subs | C2: % of All Subs | D2: Avg Subs/Week | E2: Root Cause
A3: Produce | B3: 16 | C3: =B3/SUM($B$3:$B$8) -> 0.34042553 | D3: =B3/10 -> 1.6 | E3: Seasonal stock gaps, perishable OOS
A4: Deli / Prepared | B4: 10 | C4: =B4/SUM($B$3:$B$8) -> 0.21276596 | D4: =B4/10 -> 1 | E4: High turnover, limited backstock
A5: Dairy | B5: 8 | C5: =B5/SUM($B$3:$B$8) -> 0.17021277 | D5: =B5/10 -> 0.8 | E5: Brand-specific requests hard to fill
A6: Bakery | B6: 6 | C6: =B6/SUM($B$3:$B$8) -> 0.12765957 | D6: =B6/10 -> 0.6 | E6: Morning rush depletion
A7: Meat & Seafood | B7: 4 | C7: =B7/SUM($B$3:$B$8) -> 0.085106383 | D7: =B7/10 -> 0.4 | E7: Weight variance issues
A8: Pantry / Dry | B8: 3 | C8: =B8/SUM($B$3:$B$8) -> 0.063829787 | D8: =B8/10 -> 0.3 | E8: Low — stable inventory
A9: TOTAL | B9: =SUM(B3:B8) -> 47 | C9: =SUM(C3:C8) -> 1 | D9: =SUM(D3:D8) -> 4.7

Sheet Process Improvement
A1: Process Improvement Recommendations
A2: Issue Identified | B2: Root Cause | C2: Recommendation | D2: Expected Impact
A3: High produce substitution rate (30% of all subs) | B3: Seasonal stock gaps & perishable OOS not flagged until order fulfillment | C3: Implement a pre-shift inventory check for top-10 high-sub SKUs; flag gaps before orders drop | D3: Estimated 30–40% reduction in produce subs
A4: Deli substitutions spike on weekday mornings | B4: High turnover depletes prepared food stock before morning orders complete | C4: Coordinate with deli team to stagger restocking before 9am order window opens | D4: Smoother AM fulfillment; fewer customer callbacks
A5: Dairy subs driven by brand-specific requests | B5: Customers request specific brands that are frequently OOS | C5: Surface in-stock brand alternatives earlier in picker app; pre-approve common swaps | D5: Reduce sub resolution time; improve customer satisfaction
A6: Overall 98% accuracy rate — maintain floor | B6: Accuracy dips on high-volume weeks (110+ orders) | C6: Cap single-picker load at 110 orders/week; route overflow to second picker | D6: Sustain 98%+ accuracy at scale
